commune,zone
BAILLY-ROMAINVILLIERS,Zone Nord Seine et Marne
BROU-SUR-CHANTEREINE,Zone Nord Seine et Marne
BUSSY-SAINT-GEORGES,Zone Nord Seine et Marne
CHAMIGNY,Zone Nord Seine et Marne
CHAMPS-SUR-MARNE,Zone Nord Seine et Marne
CHARNY,Zone Nord Seine et Marne
CHELLES,Zone Nord Seine et Marne
CHESSY,Zone Nord Seine et Marne
CLAYE-SOUILLY,Zone Nord Seine et Marne
CONGIS-SUR-THEROUANNE,Zone Nord Seine et Marne
COURTRY,Zone Nord Seine et Marne
CRECY-LA-CHAPELLE,Zone Nord Seine et Marne
CREGY-LES-MEAUX,Zone Nord Seine et Marne
CROUY-SUR-OURCQ,Zone Nord Seine et Marne
DAMMARTIN-EN-GOELE,Zone Nord Seine et Marne
EMERAINVILLE,Zone Nord Seine et Marne
ESBLY,Zone Nord Seine et Marne
LA FERTE-SOUS-JOUARRE,Zone Nord Seine et Marne
LAGNY-SUR-MARNE,Zone Nord Seine et Marne
LIZY-SUR-OURCQ,Zone Nord Seine et Marne
LOGNES,Zone Nord Seine et Marne
LONGPERRIER,Zone Nord Seine et Marne
MAGNY-LE-HONGRE,Zone Nord Seine et Marne
MEAUX,Zone Nord Seine et Marne
MITRY-MORY,Zone Nord Seine et Marne
MOUSSY-LE-NEUF,Zone Nord Seine et Marne
NANTEUIL-LES-MEAUX,Zone Nord Seine et Marne
NOISIEL,Zone Nord Seine et Marne
OISSERY,Zone Nord Seine et Marne
OTHIS,Zone Nord Seine et Marne
SAINT-GERMAIN-SUR-MORIN,Zone Nord Seine et Marne
SAINT-MARD,Zone Nord Seine et Marne
SAINT-SOUPPLETS,Zone Nord Seine et Marne
SAINT-THIBAULT-DES-VIGNES,Zone Nord Seine et Marne
SERRIS,Zone Nord Seine et Marne
THORIGNY-SUR-MARNE,Zone Nord Seine et Marne
TORCY,Zone Nord Seine et Marne
TRILPORT,Zone Nord Seine et Marne
VAIRES-SUR-MARNE,Zone Nord Seine et Marne
VILLEPARISIS,Zone Nord Seine et Marne
BRIE-COMTE-ROBERT,Zone Centre Seine et Marne
CESSON,Zone Centre Seine et Marne
COMBS-LA-VILLE,Zone Centre Seine et Marne
COUBERT,Zone Centre Seine et Marne
COULOMMIERS,Zone Centre Seine et Marne
FAREMOUTIERS,Zone Centre Seine et Marne
FONTENAY-TRESIGNY,Zone Centre Seine et Marne
GRETZ-ARMAINVILLIERS,Zone Centre Seine et Marne
JOUY-LE-CHATEL,Zone Centre Seine et Marne
LA FERTE-GAUCHER,Zone Centre Seine et Marne
LE MEE-SUR-SEINE,Zone Centre Seine et Marne
LESIGNY,Zone Centre Seine et Marne
LIEUSAINT,Zone Centre Seine et Marne
MOISSY-CRAMAYEL,Zone Centre Seine et Marne
MORMANT,Zone Centre Seine et Marne
MOUROUX,Zone Centre Seine et Marne
NANDY,Zone Centre Seine et Marne
OZOIR-LA-FERRIERE,Zone Centre Seine et Marne
PONTAULT-COMBAULT,Zone Centre Seine et Marne
REBAIS,Zone Centre Seine et Marne
ROISSY-EN-BRIE,Zone Centre Seine et Marne
ROZAY-EN-BRIE,Zone Centre Seine et Marne
SAVIGNY-LE-TEMPLE,Zone Centre Seine et Marne
TOURNAN-EN-BRIE,Zone Centre Seine et Marne
VERNEUIL-L'ETANG,Zone Centre Seine et Marne
VERT-SAINT-DENIS,Zone Centre Seine et Marne
VILLENEUVE-SUR-BELLOT,Zone Centre Seine et Marne
AVON,Zone Sud Seine et Marne
BOIS-LE-ROI,Zone Sud Seine et Marne
CHAMPAGNE-SUR-SEINE,Zone Sud Seine et Marne
CHATEAU-LANDON,Zone Sud Seine et Marne
DAMMARIE-LES-LYS,Zone Sud Seine et Marne
FONTAINEBLEAU,Zone Sud Seine et Marne
LA CHAPELLE-LA-REINE,Zone Sud Seine et Marne
LE CHATELET-EN-BRIE,Zone Sud Seine et Marne
LORREZ-LE-BOCAGE-PREAUX,Zone Sud Seine et Marne
MELUN,Zone Sud Seine et Marne
MONTEREAU-FAULT-YONNE,Zone Sud Seine et Marne
MORET-LOING-ET-ORVANNE,Zone Sud Seine et Marne
NEMOURS,Zone Sud Seine et Marne
PERTHES,Zone Sud Seine et Marne
SAINT-FARGEAU-PONTHIERRY,Zone Sud Seine et Marne
SAINT-PIERRE-LES-NEMOURS,Zone Sud Seine et Marne
SOUPPES-SUR-LOING,Zone Sud Seine et Marne
VARENNES-SUR-SEINE,Zone Sud Seine et Marne
VAUX-LE-PENIL,Zone Sud Seine et Marne
VULAINES-SUR-SEINE,Zone Sud Seine et Marne
BRAY-SUR-SEINE,Zone Sud Est Seine et Marne
DONNEMARIE-DONTILLY,Zone Sud Est Seine et Marne
NANGIS,Zone Sud Est Seine et Marne
PROVINS,Zone Sud Est Seine et Marne
VILLIERS-SAINT-GEORGES,Zone Sud Est Seine et Marne
AUBERVILLIERS,Zone Saint Denis
EPINAY-SUR-SEINE,Zone Saint Denis
L'ILE-SAINT-DENIS,Zone Saint Denis
LA COURNEUVE,Zone Saint Denis
SAINT-DENIS,Zone Saint Denis
SAINT-OUEN-SUR-SEINE,Zone Saint Denis
STAINS,Zone Saint Denis
VILLETANEUSE,Zone Saint Denis
BOBIGNY,Zone Bobigny
BONDY,Zone Bobigny
DRANCY,Zone Bobigny
DUGNY,Zone Bobigny
LE BLANC-MESNIL,Zone Bobigny
LE BOURGET,Zone Bobigny
LE PRE-SAINT-GERVAIS,Zone Bobigny
LES LILAS,Zone Bobigny
NOISY-LE-SEC,Zone Bobigny
PANTIN,Zone Bobigny
ROMAINVILLE,Zone Bobigny
BAGNOLET,Zone Noisy le Grand
CLICHY-SOUS-BOIS,Zone Noisy le Grand
GAGNY,Zone Noisy le Grand
GOURNAY-SUR-MARNE,Zone Noisy le Grand
MONTFERMEIL,Zone Noisy le Grand
MONTREUIL,Zone Noisy le Grand
NEUILLY-PLAISANCE,Zone Noisy le Grand
NEUILLY-SUR-MARNE,Zone Noisy le Grand
NOISY-LE-GRAND,Zone Noisy le Grand
ROSNY-SOUS-BOIS,Zone Noisy le Grand
VILLEMOMBLE,Zone Noisy le Grand
AULNAY-SOUS-BOIS,Zone Sevran
LE RAINCY,Zone Sevran
LES PAVILLONS-SOUS-BOIS,Zone Sevran
LIVRY-GARGAN,Zone Sevran
SEVRAN,Zone Sevran
TREMBLAY-EN-FRANCE,Zone Sevran
VAUJOURS,Zone Sevran
VILLEPINTE,Zone Sevran
ARCUEIL,Zone Vitry sur Seine
CACHAN,Zone Vitry sur Seine
CHEVILLY-LARUE,Zone Vitry sur Seine
FRESNES,Zone Vitry sur Seine
GENTILLY,Zone Vitry sur Seine
IVRY-SUR-SEINE,Zone Vitry sur Seine
L'HAY-LES-ROSES,Zone Vitry sur Seine
LE KREMLIN-BICETRE,Zone Vitry sur Seine
RUNGIS,Zone Vitry sur Seine
THIAIS,Zone Vitry sur Seine
VILLEJUIF,Zone Vitry sur Seine
VITRY-SUR-SEINE,Zone Vitry sur Seine
ALFORTVILLE,Zone Creteil
CHARENTON-LE-PONT,Zone Creteil
CHOISY-LE-ROI,Zone Creteil
CRETEIL,Zone Creteil
MAISONS-ALFORT,Zone Creteil
ORLY,Zone Creteil
SAINT-MAURICE,Zone Creteil
VALENTON,Zone Creteil
VILLENEUVE-LE-ROI,Zone Creteil
VILLENEUVE-SAINT-GEORGES,Zone Creteil
BRY-SUR-MARNE,Zone Champigny sur Marne
CHAMPIGNY-SUR-MARNE,Zone Champigny sur Marne
FONTENAY-SOUS-BOIS,Zone Champigny sur Marne
JOINVILLE-LE-PONT,Zone Champigny sur Marne
LE PERREUX-SUR-MARNE,Zone Champigny sur Marne
LE PLESSIS-TREVISE,Zone Champigny sur Marne
NOGENT-SUR-MARNE,Zone Champigny sur Marne
SAINT-MANDE,Zone Champigny sur Marne
VILLIERS-SUR-MARNE,Zone Champigny sur Marne
VINCENNES,Zone Champigny sur Marne
BOISSY-SAINT-LEGER,Zone Sucy en Brie
BONNEUIL-SUR-MARNE,Zone Sucy en Brie
CHENNEVIERES-SUR-MARNE,Zone Sucy en Brie
LA QUEUE-EN-BRIE,Zone Sucy en Brie
LIMEIL-BREVANNES,Zone Sucy en Brie
MANDRES-LES-ROSES,Zone Sucy en Brie
ORMESSON-SUR-MARNE,Zone Sucy en Brie
SAINT-MAUR-DES-FOSSES,Zone Sucy en Brie
SANTENY,Zone Sucy en Brie
SUCY-EN-BRIE,Zone Sucy en Brie
VILLECRESNES,Zone Sucy en Brie
Chailly-en-Brie,Zone Centre Seine et Marne
La Rochette,Zone Sud Seine et Marne
Saint-Mammès,Zone Sud Seine et Marne
